0.000035047,3.95699e-16,5.41797e-15,7.2029e-15,1.47453e-15,-1.84523e-15,-1.3969e-15,0.0276117,0.536893,0.704097,0.141126,-0.154932,-0.133456,
0.000861883,9.65879e-15,1.3225e-13,1.75819e-13,3.59926e-14,-4.50411e-14,-3.40977e-14,0.0276117,0.536893,0.704097,0.141126,-0.154932,-0.133456,
0.010935068,-2.36148e-14,-3.23337e-13,-4.29859e-13,-8.79981e-14,1.10121e-13,8.33653e-14,0.0306796,0.604388,0.783864,0.154932,-0.153398,-0.144194,
0.020940065,8.44876e-14,1.15682e-12,1.53793e-12,3.14835e-13,-3.93984e-13,-2.9826e-13,0.0306796,0.604388,0.783864,0.154932,-0.153398,-0.144194,
0.030936002,-3.12705e-13,-4.2816e-12,-5.69216e-12,-1.16526e-12,1.45821e-12,1.10392e-12,0.0306796,0.604388,0.783864,0.154932,-0.153398,-0.144194,
0.040941953,1.1749e-12,1.60869e-11,2.13867e-11,4.37815e-12,-5.47881e-12,-4.14765e-12,0.0306796,0.604388,0.783864,0.154932,-0.153398,-0.144194,
0.050929069,-4.31875e-12,-5.9133e-11,-7.86142e-11,-1.60934e-11,2.01393e-11,1.52462e-11,0.0337476,0.659612,0.845223,0.162602,-0.153398,-0.151864,
0.060941934,1.63635e-11,2.24052e-10,2.97865e-10,6.09772e-11,-7.63068e-11,-5.77669e-11,0.0337476,0.659612,0.845223,0.162602,-0.153398,-0.151864,
0.070955038,-6.20056e-11,-8.4899e-10,-1.12869e-09,-2.31058e-10,2.89146e-10,2.18893e-10,0.0337476,0.659612,0.845223,0.162602,-0.153398,-0.151864,
0.080950975,2.30324e-10,3.15363e-09,4.19259e-09,8.58281e-10,-1.07405e-09,-8.13095e-10,0.0368155,0.714835,0.901981,0.171806,-0.15033,-0.158,
0.090926885,-8.35648e-10,-1.14418e-08,-1.52113e-08,-3.11396e-09,3.89682e-09,2.95002e-09,0.0368155,0.714835,0.901981,0.171806,-0.15033,-0.158,
0.100928068,3.12306e-09,4.27614e-08,5.6849e-08,1.16378e-08,-1.45635e-08,-1.10251e-08,0.0368155,0.714835,0.901981,0.171806,-0.15033,-0.158,
0.110933065,-1.17245e-08,-1.60533e-07,-2.13421e-07,-4.36901e-08,5.46739e-08,4.139e-08,0.0368155,0.714835,0.901981,0.171806,-0.15033,-0.158,
0.120940923,4.4162e-08,6.04674e-07,8.03882e-07,1.64566e-07,-2.05937e-07,-1.55902e-07,0.0414175,0.757787,0.949534,0.179476,-0.151864,-0.164136,
0.130946874,-1.65963e-07,-2.27239e-06,-3.02102e-06,-6.18444e-07,7.73921e-07,5.85885e-07,0.0414175,0.757787,0.949534,0.179476,-0.151864,-0.164136,
0.140930891,6.07885e-07,8.32326e-06,1.10653e-05,2.26522e-06,-2.8347e-06,-2.14597e-06,0.0414175,0.757787,0.949534,0.179476,-0.151864,-0.164136,
0.150940895,-2.2955e-06,-3.14303e-05,-4.1785e-05,-8.55396e-06,1.07044e-05,8.10362e-06,0.0429515,0.777728,0.989418,0.18868,-0.153398,-0.174874,
0.180943012,0.000121228,0.00165997,0.00220688,0.000451745,-0.000565314,-0.000427962,0.0429515,0.777728,0.989418,0.18868,-0.153398,-0.174874,
0.200942039,0.00275559,0.038247,0.0511429,0.0102685,-0.0128499,-0.00972782,0.0444854,0.79,1.02623,0.19635,-0.16567,-0.182544,
0.220942974,0.0043327,0.0602782,0.0808773,0.0161454,-0.0202046,-0.0152953,0.0444854,0.79,1.02623,0.19635,-0.16567,-0.182544,
0.250933885,0.00613848,0.0855082,0.115407,0.0228744,-0.0286091,-0.0216701,0.0444854,0.802272,1.05998,0.205553,-0.202485,-0.193282,
0.260943889,0.00689211,0.0926767,0.124586,0.0256828,-0.0319393,-0.0243306,0.0475534,0.814544,1.08913,0.213223,-0.243903,-0.199418,
0.300944089,0.00938007,0.127637,0.171784,0.0349539,-0.0435463,-0.0331136,0.0475534,0.816078,1.09833,0.213223,-0.254641,-0.200951,
0.330944061,0.0112223,0.155095,0.208377,0.0418193,-0.0523187,-0.0396174,0.0475534,0.816078,1.09833,0.213223,-0.254641,-0.200951,
0.340944051,0.0118739,0.162345,0.218675,0.0442463,-0.0551724,-0.0419171,0.0475534,0.817612,1.1014,0.213223,-0.257709,-0.200951,
0.370944023,0.0139499,0.190581,0.256743,0.0518834,-0.0645741,-0.0492287,0.0475534,0.817612,1.1014,0.213223,-0.257709,-0.200951,
0.380944013,0.0147498,0.201733,0.27186,0.0548674,-0.0683016,-0.0520531,0.0490874,0.823748,1.10447,0.214757,-0.256175,-0.200951,
0.400939941,0.0163959,0.226405,0.302957,0.0610966,-0.076451,-0.0578809,0.0490874,0.823748,1.10447,0.214757,-0.256175,-0.200951,
0.420937061,0.0179721,0.246803,0.332553,0.0668818,-0.0833695,-0.0634284,0.0490874,0.831418,1.10907,0.213223,-0.251573,-0.202485,
0.460936069,0.0210249,0.293579,0.396275,0.0783453,-0.0994831,-0.074221,0.0506214,0.839087,1.11367,0.214757,-0.246971,-0.202485,
0.490936040,0.024336,0.334611,0.451166,0.0903237,-0.112684,-0.0856424,0.0506214,0.845223,1.11674,0.213223,-0.243903,-0.202485,
0.510952949,0.0262903,0.361123,0.486954,0.0973932,-0.121526,-0.0923393,0.0506214,0.845223,1.11674,0.213223,-0.243903,-0.202485,
0.540936946,0.0295421,0.406974,0.548832,0.109654,-0.13686,-0.103957,0.0506214,0.846757,1.11674,0.214757,-0.240835,-0.202485,
0.550931930,0.0305586,0.421072,0.567918,0.113296,-0.141459,-0.107398,0.0506214,0.846757,1.11674,0.214757,-0.240835,-0.202485,
0.560930967,0.0311671,0.435115,0.587297,0.116154,-0.145341,-0.110042,0.0506214,0.845223,1.11674,0.214757,-0.242369,-0.202485,
0.570935964,0.0327028,0.452071,0.609728,0.12164,-0.151876,-0.115308,0.0506214,0.845223,1.11674,0.214757,-0.242369,-0.202485,
0.600943088,0.0355606,0.49153,0.662943,0.132174,-0.165088,-0.125282,0.0506214,0.842155,1.1152,0.214757,-0.243903,-0.202485,
0.630936861,0.0384262,0.531423,0.716817,0.142839,-0.178402,-0.135392,0.0506214,0.840621,1.11367,0.214757,-0.243903,-0.202485,
0.640943050,0.0392817,0.544311,0.734221,0.146278,-0.182698,-0.138652,0.0506214,0.840621,1.11367,0.214757,-0.243903,-0.202485,
0.660930871,0.0409025,0.567571,0.765575,0.152425,-0.190469,-0.144396,0.0506214,0.840621,1.11367,0.214757,-0.243903,-0.202485,
0.680934906,0.0425278,0.590052,0.79599,0.158459,-0.197972,-0.150121,0.0506214,0.837554,1.11367,0.214757,-0.243903,-0.202485,
0.720942020,0.0456265,0.634277,0.855642,0.170019,-0.212703,-0.161069,0.0506214,0.837554,1.11367,0.214757,-0.243903,-0.202485,
0.750946044,0.047499,0.661721,0.892208,0.177,-0.221501,-0.167682,0.0506214,0.837554,1.11367,0.214757,-0.243903,-0.202485,
0.760940074,0.0481231,0.668951,0.902504,0.179326,-0.224406,-0.169885,0.0506214,0.837554,1.11367,0.214757,-0.243903,-0.202485,
0.800939083,0.0506199,0.703994,0.949699,0.188631,-0.236,-0.178699,0.0506214,0.839087,1.11367,0.214757,-0.243903,-0.202485,
0.830950975,0.0527723,0.736463,0.993536,0.196651,-0.246089,-0.186297,0.0521553,0.840621,1.1152,0.214757,-0.243903,-0.202485,
0.840952873,0.0533021,0.74396,1.00377,0.198625,-0.248559,-0.188168,0.0521553,0.840621,1.1152,0.214757,-0.243903,-0.202485,
0.880981922,0.0561623,0.783649,1.05728,0.209283,-0.261896,-0.198265,0.0521553,0.843689,1.1152,0.214757,-0.242369,-0.202485,
0.920933008,0.0580339,0.81043,1.09394,0.216258,-0.270624,-0.204872,0.0506214,0.843689,1.1152,0.214757,-0.242369,-0.202485,
0.940936088,0.0580332,0.810389,1.09387,0.216255,-0.27062,-0.204869,0.0521553,0.843689,1.1152,0.214757,-0.243903,-0.200951,
0.960941076,0.0580331,0.810386,1.09386,0.216255,-0.27062,-0.204869,0.0521553,0.843689,1.1152,0.214757,-0.243903,-0.200951,
1.000962972,0.0580331,0.810386,1.09386,0.216255,-0.27062,-0.204869,0.0506214,0.842155,1.1152,0.214757,-0.243903,-0.202485,
1.030941009,0.0580331,0.810386,1.09386,0.216255,-0.27062,-0.204869,0.0506214,0.840621,1.1152,0.214757,-0.243903,-0.202485,
1.040930032,0.0580331,0.810386,1.09386,0.216255,-0.27062,-0.204869,0.0506214,0.840621,1.1152,0.214757,-0.243903,-0.202485,
1.060932874,0.0580331,0.810386,1.09386,0.216255,-0.27062,-0.204869,0.0506214,0.840621,1.1152,0.214757,-0.243903,-0.202485,
1.080934047,0.0580331,0.810386,1.09386,0.216255,-0.27062,-0.204869,0.0506214,0.840621,1.1152,0.214757,-0.243903,-0.202485,
1.100944042,0.0580331,0.810386,1.09386,0.216255,-0.27062,-0.204869,0.0521553,0.839087,1.11367,0.214757,-0.243903,-0.202485,
1.120946884,0.0580331,0.810386,1.09386,0.216255,-0.27062,-0.204869,0.0521553,0.839087,1.11367,0.214757,-0.243903,-0.202485,
1.140938043,0.0580331,0.810386,1.09386,0.216255,-0.27062,-0.204869,0.0521553,0.840621,1.1152,0.214757,-0.243903,-0.202485,
1.160948991,0.0580331,0.810386,1.09386,0.216255,-0.27062,-0.204869,0.0521553,0.840621,1.1152,0.214757,-0.243903,-0.202485,
1.190929889,0.0580331,0.810386,1.09386,0.216255,-0.27062,-0.204869,0.0521553,0.840621,1.1152,0.214757,-0.243903,-0.202485,
1.200929880,0.0580331,0.810386,1.09386,0.216255,-0.27062,-0.204869,0.0506214,0.842155,1.1152,0.214757,-0.242369,-0.202485,
1.240989923,0.0580331,0.810386,1.09386,0.216255,-0.27062,-0.204869,0.0521553,0.842155,1.1152,0.214757,-0.243903,-0.202485,
1.280946969,0.0580331,0.810386,1.09386,0.216255,-0.27062,-0.204869,0.0506214,0.842155,1.1152,0.214757,-0.243903,-0.202485,
1.300953865,0.0580331,0.810386,1.09386,0.216255,-0.27062,-0.204869,0.0506214,0.842155,1.1152,0.214757,-0.243903,-0.202485,
1.320954084,0.0580331,0.810386,1.09386,0.216255,-0.27062,-0.204869,0.0506214,0.842155,1.1152,0.214757,-0.243903,-0.202485,
1.340941905,0.0580331,0.810386,1.09386,0.216255,-0.27062,-0.204869,0.0506214,0.842155,1.1152,0.214757,-0.243903,-0.202485,
1.360955953,0.0580331,0.810386,1.09386,0.216255,-0.27062,-0.204869,0.0506214,0.840621,1.1152,0.214757,-0.243903,-0.200951,
1.400953054,0.0580331,0.810386,1.09386,0.216255,-0.27062,-0.204869,0.0506214,0.842155,1.1152,0.214757,-0.243903,-0.202485,
1.440944910,0.0580331,0.810386,1.09386,0.216255,-0.27062,-0.204869,0.0521553,0.840621,1.1152,0.214757,-0.243903,-0.202485,
1.480952024,0.0580331,0.810386,1.09386,0.216255,-0.27062,-0.204869,0.0521553,0.840621,1.1152,0.214757,-0.243903,-0.202485,
1.510938882,0.0580331,0.810386,1.09386,0.216255,-0.27062,-0.204869,0.0521553,0.840621,1.1152,0.214757,-0.243903,-0.202485,
1.520937919,0.0580331,0.810386,1.09386,0.216255,-0.27062,-0.204869,0.0521553,0.840621,1.1152,0.214757,-0.243903,-0.202485,
1.550931930,0.0580331,0.810386,1.09386,0.216255,-0.27062,-0.204869,0.0521553,0.842155,1.1152,0.214757,-0.243903,-0.202485,
1.560930967,0.0580331,0.810386,1.09386,0.216255,-0.27062,-0.204869,0.0521553,0.842155,1.1152,0.214757,-0.243903,-0.202485,
1.580929994,0.0580331,0.810386,1.09386,0.216255,-0.27062,-0.204869,0.0521553,0.842155,1.1152,0.214757,-0.243903,-0.202485,
1.600943088,0.0580331,0.810386,1.09386,0.216255,-0.27062,-0.204869,0.0521553,0.842155,1.1152,0.214757,-0.243903,-0.202485,
1.640944004,0.0580331,0.810386,1.09386,0.216255,-0.27062,-0.204869,0.0521553,0.842155,1.1152,0.214757,-0.243903,-0.200951,
1.680949926,0.0580331,0.810386,1.09386,0.216255,-0.27062,-0.204869,0.0506214,0.842155,1.1152,0.214757,-0.243903,-0.200951,
1.720939874,0.0580331,0.810386,1.09386,0.216255,-0.27062,-0.204869,0.0521553,0.840621,1.1152,0.214757,-0.243903,-0.202485,
1.750932931,0.0580331,0.810386,1.09386,0.216255,-0.27062,-0.204869,0.0521553,0.840621,1.1152,0.214757,-0.243903,-0.202485,
1.760932922,0.0580331,0.810386,1.09386,0.216255,-0.27062,-0.204869,0.0521553,0.842155,1.1152,0.214757,-0.243903,-0.202485,
1.780941009,0.0580331,0.810386,1.09386,0.216255,-0.27062,-0.204869,0.0521553,0.842155,1.1152,0.214757,-0.243903,-0.202485,
1.800942897,0.0580331,0.810386,1.09386,0.216255,-0.27062,-0.204869,0.0506214,0.840621,1.1152,0.214757,-0.243903,-0.202485,
1.831007003,0.0580331,0.810386,1.09386,0.216255,-0.27062,-0.204869,0.0521553,0.840621,1.1152,0.214757,-0.243903,-0.202485,
1.840951919,0.0580331,0.810386,1.09386,0.216255,-0.27062,-0.204869,0.0521553,0.840621,1.1152,0.214757,-0.243903,-0.202485,
1.860938072,0.0580331,0.810386,1.09386,0.216255,-0.27062,-0.204869,0.0521553,0.840621,1.1152,0.214757,-0.243903,-0.202485,
1.880939960,0.0580331,0.810386,1.09386,0.216255,-0.27062,-0.204869,0.0521553,0.840621,1.1152,0.214757,-0.243903,-0.202485,
1.920929908,0.0580331,0.810386,1.09386,0.216255,-0.27062,-0.204869,0.0506214,0.842155,1.1152,0.214757,-0.243903,-0.202485,
1.960936069,0.0580331,0.810386,1.09386,0.216255,-0.27062,-0.204869,0.0521553,0.842155,1.1152,0.214757,-0.243903,-0.202485,
1.970928907,0.0580331,0.810386,1.09386,0.216255,-0.27062,-0.204869,0.0521553,0.842155,1.1152,0.214757,-0.243903,-0.202485,
2.000937938,0.0580331,0.810386,1.09386,0.216255,-0.27062,-0.204869,0.0521553,0.840621,1.1152,0.214757,-0.243903,-0.202485,
2.031082868,0.0580331,0.810386,1.09386,0.216255,-0.27062,-0.204869,0.0521553,0.840621,1.1152,0.214757,-0.243903,-0.202485,
2.040970087,0.0580331,0.810386,1.09386,0.216255,-0.27062,-0.204869,0.0521553,0.840621,1.1152,0.214757,-0.243903,-0.202485,
2.080925941,0.0580331,0.810386,1.09386,0.216255,-0.27062,-0.204869,0.0521553,0.842155,1.1152,0.214757,-0.243903,-0.202485,
2.100936889,0.0580331,0.810386,1.09386,0.216255,-0.27062,-0.204869,0.0521553,0.840621,1.1152,0.214757,-0.243903,-0.202485,
2.120970964,0.0580331,0.810386,1.09386,0.216255,-0.27062,-0.204869,0.0521553,0.840621,1.1152,0.214757,-0.243903,-0.202485,
2.140937089,0.0580331,0.810386,1.09386,0.216255,-0.27062,-0.204869,0.0521553,0.840621,1.1152,0.214757,-0.243903,-0.202485,
2.160942077,0.0580331,0.810386,1.09386,0.216255,-0.27062,-0.204869,0.0521553,0.840621,1.1152,0.214757,-0.243903,-0.202485,
2.180934906,0.0580331,0.810386,1.09386,0.216255,-0.27062,-0.204869,0.0521553,0.840621,1.1152,0.214757,-0.243903,-0.202485,
2.201145887,0.0580331,0.810386,1.09386,0.216255,-0.27062,-0.204869,0.0521553,0.840621,1.1152,0.214757,-0.243903,-0.202485,
2.220947980,0.0580331,0.810386,1.09386,0.216255,-0.27062,-0.204869,0.0521553,0.840621,1.1152,0.214757,-0.243903,-0.202485,
2.240957021,0.0580331,0.810386,1.09386,0.216255,-0.27062,-0.204869,0.0521553,0.840621,1.1152,0.214757,-0.243903,-0.202485,
2.260936975,0.0580331,0.810386,1.09386,0.216255,-0.27062,-0.204869,0.0521553,0.840621,1.1152,0.214757,-0.243903,-0.202485,
2.280927896,0.0580331,0.810386,1.09386,0.216255,-0.27062,-0.204869,0.0521553,0.840621,1.1152,0.214757,-0.243903,-0.202485,
2.320937871,0.0580331,0.810386,1.09386,0.216255,-0.27062,-0.204869,0.0521553,0.840621,1.1152,0.214757,-0.243903,-0.202485,
2.340947866,0.0580331,0.810386,1.09386,0.216255,-0.27062,-0.204869,0.0521553,0.840621,1.1152,0.214757,-0.243903,-0.202485,
2.360936880,0.0580331,0.810386,1.09386,0.216255,-0.27062,-0.204869,0.0521553,0.840621,1.1152,0.214757,-0.243903,-0.202485,
2.400943994,0.0580331,0.810386,1.09386,0.216255,-0.27062,-0.204869,0.0521553,0.842155,1.1152,0.214757,-0.243903,-0.202485,
2.420932054,0.0580331,0.810386,1.09386,0.216255,-0.27062,-0.204869,0.0521553,0.840621,1.1152,0.214757,-0.243903,-0.202485,
2.440929889,0.0580331,0.810386,1.09386,0.216255,-0.27062,-0.204869,0.0521553,0.840621,1.1152,0.214757,-0.243903,-0.202485,
2.460936069,0.0580331,0.810386,1.09386,0.216255,-0.27062,-0.204869,0.0521553,0.842155,1.1152,0.214757,-0.243903,-0.202485,
2.480931997,0.0580331,0.810386,1.09386,0.216255,-0.27062,-0.204869,0.0521553,0.842155,1.1152,0.214757,-0.243903,-0.202485,
2.520942926,0.0580331,0.810386,1.09386,0.216255,-0.27062,-0.204869,0.0521553,0.842155,1.1152,0.214757,-0.243903,-0.202485,
2.540943861,0.0580331,0.810386,1.09386,0.216255,-0.27062,-0.204869,0.0521553,0.840621,1.1152,0.214757,-0.243903,-0.202485,
2.560944080,0.0580331,0.810386,1.09386,0.216255,-0.27062,-0.204869,0.0521553,0.840621,1.1152,0.214757,-0.243903,-0.202485,
2.600939035,0.0580331,0.810386,1.09386,0.216255,-0.27062,-0.204869,0.0521553,0.842155,1.1152,0.214757,-0.243903,-0.202485,
2.640944957,0.0580331,0.810386,1.09386,0.216255,-0.27062,-0.204869,0.0521553,0.840621,1.1152,0.214757,-0.243903,-0.202485,
2.660942077,0.0580331,0.810386,1.09386,0.216255,-0.27062,-0.204869,0.0521553,0.840621,1.1152,0.214757,-0.243903,-0.202485,
2.680943965,0.0580331,0.810386,1.09386,0.216255,-0.27062,-0.204869,0.0521553,0.840621,1.1152,0.214757,-0.243903,-0.202485,
2.720942974,0.0580331,0.810386,1.09386,0.216255,-0.27062,-0.204869,0.0521553,0.840621,1.1152,0.214757,-0.243903,-0.202485,
2.740943908,0.0580331,0.810386,1.09386,0.216255,-0.27062,-0.204869,0.0521553,0.840621,1.1152,0.214757,-0.243903,-0.202485,
2.760941982,0.0580331,0.810386,1.09386,0.216255,-0.27062,-0.204869,0.0521553,0.840621,1.1152,0.214757,-0.243903,-0.202485,
2.780941963,0.0580331,0.810386,1.09386,0.216255,-0.27062,-0.204869,0.0521553,0.840621,1.1152,0.214757,-0.243903,-0.202485,
2.800950050,0.0580331,0.810386,1.09386,0.216255,-0.27062,-0.204869,0.0521553,0.840621,1.1152,0.214757,-0.243903,-0.202485,
2.820941925,0.0580331,0.810386,1.09386,0.216255,-0.27062,-0.204869,0.0521553,0.840621,1.1152,0.214757,-0.243903,-0.202485,
2.840942859,0.0580331,0.810386,1.09386,0.216255,-0.27062,-0.204869,0.0521553,0.840621,1.1152,0.214757,-0.243903,-0.202485,
2.880949020,0.0580331,0.810386,1.09386,0.216255,-0.27062,-0.204869,0.0521553,0.840621,1.1152,0.214757,-0.243903,-0.202485,
2.900953054,0.0580331,0.810386,1.09386,0.216255,-0.27062,-0.204869,0.0521553,0.840621,1.1152,0.214757,-0.243903,-0.200951,
2.920945882,0.0580331,0.810386,1.09386,0.216255,-0.27062,-0.204869,0.0521553,0.840621,1.1152,0.214757,-0.243903,-0.200951,
2.940943002,0.0580331,0.810386,1.09386,0.216255,-0.27062,-0.204869,0.0521553,0.840621,1.1152,0.214757,-0.243903,-0.202485,
2.960941076,0.0580331,0.810386,1.09386,0.216255,-0.27062,-0.204869,0.0521553,0.840621,1.1152,0.214757,-0.243903,-0.202485,
2.980942964,0.0580331,0.810386,1.09386,0.216255,-0.27062,-0.204869,0.0521553,0.842155,1.1152,0.214757,-0.243903,-0.202485,
3.000943899,0.0580331,0.810386,1.09386,0.216255,-0.27062,-0.204869,0.0521553,0.842155,1.1152,0.214757,-0.243903,-0.202485,
3.010948896,0.0580331,0.810386,1.09386,0.216255,-0.27062,-0.204869,0.0521553,0.842155,1.1152,0.214757,-0.243903,-0.202485,
3.040981054,0.0580331,0.810386,1.09386,0.216255,-0.27062,-0.204869,0.0521553,0.842155,1.1152,0.214757,-0.243903,-0.202485,
3.060935974,0.0580331,0.810386,1.09386,0.216255,-0.27062,-0.204869,0.0521553,0.840621,1.1152,0.214757,-0.243903,-0.202485,
3.080937862,0.0580331,0.810386,1.09386,0.216255,-0.27062,-0.204869,0.0521553,0.840621,1.1152,0.214757,-0.243903,-0.202485,
3.100954055,0.0580331,0.810386,1.09386,0.216255,-0.27062,-0.204869,0.0521553,0.840621,1.1152,0.214757,-0.243903,-0.202485,
3.120940923,0.0580331,0.810386,1.09386,0.216255,-0.27062,-0.204869,0.0521553,0.840621,1.1152,0.214757,-0.243903,-0.200951,
3.140948057,0.0580331,0.810386,1.09386,0.216255,-0.27062,-0.204869,0.0521553,0.840621,1.1152,0.214757,-0.243903,-0.200951,
3.160997867,0.0580331,0.810386,1.09386,0.216255,-0.27062,-0.204869,0.0521553,0.842155,1.1152,0.214757,-0.243903,-0.202485,
3.200938940,0.0580331,0.810386,1.09386,0.216255,-0.27062,-0.204869,0.0506214,0.842155,1.1152,0.214757,-0.243903,-0.202485,
3.231026887,0.0580331,0.810386,1.09386,0.216255,-0.27062,-0.204869,0.0521553,0.840621,1.1152,0.214757,-0.243903,-0.202485,
3.240932941,0.0580331,0.810386,1.09386,0.216255,-0.27062,-0.204869,0.0521553,0.840621,1.1152,0.214757,-0.243903,-0.202485,
3.280927896,0.0580331,0.810386,1.09386,0.216255,-0.27062,-0.204869,0.0521553,0.842155,1.1152,0.214757,-0.243903,-0.202485,
3.300930976,0.0580331,0.810386,1.09386,0.216255,-0.27062,-0.204869,0.0521553,0.842155,1.1152,0.214757,-0.243903,-0.202485,
3.320930957,0.0580331,0.810386,1.09386,0.216255,-0.27062,-0.204869,0.0521553,0.842155,1.1152,0.214757,-0.243903,-0.202485,
3.350929975,0.0580331,0.810386,1.09386,0.216255,-0.27062,-0.204869,0.0521553,0.840621,1.1152,0.214757,-0.243903,-0.202485,
3.361010074,0.0580331,0.810386,1.09386,0.216255,-0.27062,-0.204869,0.0521553,0.840621,1.1152,0.214757,-0.243903,-0.202485,
3.390995025,0.0580331,0.810386,1.09386,0.216255,-0.27062,-0.204869,0.0521553,0.842155,1.1152,0.214757,-0.243903,-0.202485,
3.400951862,0.0580331,0.810386,1.09386,0.216255,-0.27062,-0.204869,0.0521553,0.842155,1.1152,0.214757,-0.243903,-0.202485,
3.420933008,0.0580331,0.810386,1.09386,0.216255,-0.27062,-0.204869,0.0521553,0.840621,1.1152,0.214757,-0.243903,-0.202485,
3.440931081,0.0580331,0.810386,1.09386,0.216255,-0.27062,-0.204869,0.0521553,0.840621,1.1152,0.214757,-0.243903,-0.202485,
3.470937013,0.0580331,0.810386,1.09386,0.216255,-0.27062,-0.204869,0.0521553,0.842155,1.1152,0.214757,-0.243903,-0.202485,
3.480939865,0.0580331,0.810386,1.09386,0.216255,-0.27062,-0.204869,0.0521553,0.840621,1.1152,0.214757,-0.243903,-0.202485,
3.500941991,0.0580331,0.810386,1.09386,0.216255,-0.27062,-0.204869,0.0521553,0.840621,1.1152,0.214757,-0.243903,-0.202485,
3.520957946,0.0580331,0.810386,1.09386,0.216255,-0.27062,-0.204869,0.0521553,0.840621,1.1152,0.214757,-0.243903,-0.202485,
3.560926914,0.0580331,0.810386,1.09386,0.216255,-0.27062,-0.204869,0.0521553,0.840621,1.1152,0.214757,-0.243903,-0.202485,
3.580928087,0.0580331,0.810386,1.09386,0.216255,-0.27062,-0.204869,0.0521553,0.840621,1.1152,0.214757,-0.243903,-0.202485,
3.600957870,0.0580331,0.810386,1.09386,0.216255,-0.27062,-0.204869,0.0521553,0.840621,1.1152,0.214757,-0.243903,-0.202485,
3.640935897,0.0580331,0.810386,1.09386,0.216255,-0.27062,-0.204869,0.0521553,0.842155,1.1152,0.214757,-0.243903,-0.202485,
3.661175012,0.0580331,0.810386,1.09386,0.216255,-0.27062,-0.204869,0.0521553,0.842155,1.1152,0.214757,-0.243903,-0.202485,
3.680940866,0.0580331,0.810386,1.09386,0.216255,-0.27062,-0.204869,0.0521553,0.840621,1.1152,0.214757,-0.243903,-0.202485,
3.720939874,0.0580331,0.810386,1.09386,0.216255,-0.27062,-0.204869,0.0521553,0.842155,1.1152,0.214757,-0.243903,-0.202485,
3.760943889,0.0580331,0.810386,1.09386,0.216255,-0.27062,-0.204869,0.0521553,0.842155,1.1152,0.214757,-0.243903,-0.200951,
3.800946950,0.0580331,0.810386,1.09386,0.216255,-0.27062,-0.204869,0.0521553,0.840621,1.1152,0.214757,-0.243903,-0.202485,
3.820952892,0.0580331,0.810386,1.09386,0.216255,-0.27062,-0.204869,0.0521553,0.842155,1.1152,0.214757,-0.243903,-0.202485,
3.840933084,0.0580331,0.810386,1.09386,0.216255,-0.27062,-0.204869,0.0521553,0.842155,1.1152,0.214757,-0.243903,-0.202485,
3.880949020,0.0580331,0.810386,1.09386,0.216255,-0.27062,-0.204869,0.0521553,0.842155,1.1152,0.214757,-0.243903,-0.202485,
3.900940895,0.0580331,0.810386,1.09386,0.216255,-0.27062,-0.204869,0.0521553,0.842155,1.1152,0.214757,-0.243903,-0.202485,
3.920938968,0.0580331,0.810386,1.09386,0.216255,-0.27062,-0.204869,0.0521553,0.842155,1.1152,0.214757,-0.243903,-0.202485,
3.960947990,0.0580331,0.810386,1.09386,0.216255,-0.27062,-0.204869,0.0521553,0.840621,1.1152,0.214757,-0.243903,-0.202485,
4.000932931,0.0580331,0.810386,1.09386,0.216255,-0.27062,-0.204869,0.0521553,0.840621,1.1152,0.214757,-0.243903,-0.202485,
4.040940046,0.0580331,0.810386,1.09386,0.216255,-0.27062,-0.204869,0.0521553,0.840621,1.1152,0.214757,-0.243903,-0.202485,
4.060936927,0.0580331,0.810386,1.09386,0.216255,-0.27062,-0.204869,0.0521553,0.840621,1.1152,0.214757,-0.243903,-0.202485,
4.080951929,0.0580331,0.810386,1.09386,0.216255,-0.27062,-0.204869,0.0521553,0.842155,1.1152,0.214757,-0.243903,-0.202485,
4.120954036,0.0580331,0.810386,1.09386,0.216255,-0.27062,-0.204869,0.0521553,0.842155,1.1152,0.214757,-0.243903,-0.202485,
4.140933036,0.0580331,0.810386,1.09386,0.216255,-0.27062,-0.204869,0.0521553,0.842155,1.1152,0.214757,-0.243903,-0.202485,
4.160943984,0.0580331,0.810386,1.09386,0.216255,-0.27062,-0.204869,0.0521553,0.840621,1.1152,0.214757,-0.243903,-0.202485,
4.200932025,0.0580331,0.810386,1.09386,0.216255,-0.27062,-0.204869,0.0521553,0.842155,1.1152,0.214757,-0.243903,-0.202485,
4.220934867,0.0580331,0.810386,1.09386,0.216255,-0.27062,-0.204869,0.0521553,0.842155,1.1152,0.214757,-0.243903,-0.202485,
4.240938901,0.0580331,0.810386,1.09386,0.216255,-0.27062,-0.204869,0.0521553,0.842155,1.1152,0.214757,-0.243903,-0.202485,
4.270940065,0.0580331,0.810386,1.09386,0.216255,-0.27062,-0.204869,0.0521553,0.842155,1.1152,0.214757,-0.243903,-0.202485,
4.280956983,0.0580331,0.810386,1.09386,0.216255,-0.27062,-0.204869,0.0521553,0.842155,1.1152,0.214757,-0.243903,-0.202485,
4.300939083,0.0580331,0.810386,1.09386,0.216255,-0.27062,-0.204869,0.0521553,0.842155,1.1152,0.214757,-0.243903,-0.202485,
4.320916891,0.0580331,0.810386,1.09386,0.216255,-0.27062,-0.204869,0.0521553,0.842155,1.1152,0.214757,-0.243903,-0.202485,
4.350947856,0.0580331,0.810386,1.09386,0.216255,-0.27062,-0.204869,0.0521553,0.842155,1.1152,0.214757,-0.243903,-0.202485,
4.361027956,0.0580331,0.810386,1.09386,0.216255,-0.27062,-0.204869,0.0521553,0.842155,1.1152,0.214757,-0.243903,-0.202485,
4.400942087,0.0580331,0.810386,1.09386,0.216255,-0.27062,-0.204869,0.0521553,0.842155,1.1152,0.214757,-0.243903,-0.202485,
4.420943021,0.0580331,0.810386,1.09386,0.216255,-0.27062,-0.204869,0.0521553,0.842155,1.1152,0.214757,-0.243903,-0.202485,
4.440945863,0.0580331,0.810386,1.09386,0.216255,-0.27062,-0.204869,0.0521553,0.840621,1.1152,0.214757,-0.243903,-0.202485,
4.470939874,0.0580331,0.810386,1.09386,0.216255,-0.27062,-0.204869,0.0521553,0.840621,1.1152,0.214757,-0.243903,-0.202485,
4.480944871,0.0580331,0.810386,1.09386,0.216255,-0.27062,-0.204869,0.0521553,0.842155,1.1152,0.214757,-0.243903,-0.202485,
4.500941038,0.0580331,0.810386,1.09386,0.216255,-0.27062,-0.204869,0.0521553,0.842155,1.1152,0.214757,-0.243903,-0.202485,
4.520946025,0.0580331,0.810386,1.09386,0.216255,-0.27062,-0.204869,0.0521553,0.842155,1.1152,0.214757,-0.243903,-0.202485,
4.550930976,0.0580331,0.810386,1.09386,0.216255,-0.27062,-0.204869,0.0521553,0.840621,1.1152,0.214757,-0.243903,-0.202485,
4.560926914,0.0580331,0.810386,1.09386,0.216255,-0.27062,-0.204869,0.0521553,0.840621,1.1152,0.214757,-0.243903,-0.202485,
4.600954055,0.0580331,0.810386,1.09386,0.216255,-0.27062,-0.204869,0.0521553,0.842155,1.1152,0.214757,-0.243903,-0.200951,
4.640945911,0.0580331,0.810386,1.09386,0.216255,-0.27062,-0.204869,0.0521553,0.840621,1.1152,0.214757,-0.243903,-0.202485,
4.690937042,0.0580331,0.810386,1.09386,0.216255,-0.27062,-0.204869,0.0521553,0.842155,1.1152,0.214757,-0.243903,-0.202485,
4.730937004,0.0580331,0.810386,1.09386,0.216255,-0.27062,-0.204869,0.0521553,0.840621,1.1152,0.214757,-0.243903,-0.202485,
4.740939855,0.0580331,0.810386,1.09386,0.216255,-0.27062,-0.204869,0.0521553,0.840621,1.1152,0.214757,-0.243903,-0.202485,
4.750927925,0.0580331,0.810386,1.09386,0.216255,-0.27062,-0.204869,0.0521553,0.840621,1.1152,0.214757,-0.243903,-0.202485,
4.780940055,0.0580331,0.810386,1.09386,0.216255,-0.27062,-0.204869,0.0521553,0.842155,1.1152,0.214757,-0.243903,-0.202485,
4.800929069,0.0580331,0.810386,1.09386,0.216255,-0.27062,-0.204869,0.0521553,0.842155,1.1152,0.214757,-0.243903,-0.202485,
4.820942878,0.0580331,0.810386,1.09386,0.216255,-0.27062,-0.204869,0.0506214,0.840621,1.1152,0.214757,-0.243903,-0.202485,
4.860938072,0.0580331,0.810386,1.09386,0.216255,-0.27062,-0.204869,0.0521553,0.840621,1.1152,0.214757,-0.243903,-0.202485,
4.880930900,0.0580331,0.810386,1.09386,0.216255,-0.27062,-0.204869,0.0521553,0.840621,1.1152,0.214757,-0.243903,-0.202485,
4.900938034,0.0580331,0.810386,1.09386,0.216255,-0.27062,-0.204869,0.0521553,0.840621,1.1152,0.214757,-0.243903,-0.202485,
4.920938968,0.0580331,0.810386,1.09386,0.216255,-0.27062,-0.204869,0.0521553,0.840621,1.1152,0.214757,-0.243903,-0.200951,
4.940938949,0.0580331,0.810386,1.09386,0.216255,-0.27062,-0.204869,0.0521553,0.840621,1.1152,0.214757,-0.243903,-0.200951,
4.980948925,0.0580331,0.810386,1.09386,0.216255,-0.27062,-0.204869,0.0521553,0.842155,1.1152,0.214757,-0.243903,-0.202485,
5.000942945,0.0580331,0.810386,1.09386,0.216255,-0.27062,-0.204869,0.0521553,0.840621,1.10447,0.214757,-0.243903,-0.200951,
5.020937919,0.0580331,0.810386,1.09386,0.216255,-0.27062,-0.204869,0.0521553,0.840621,1.10447,0.214757,-0.243903,-0.200951,
5.040950059,0.0580331,0.810386,1.09386,0.216255,-0.27062,-0.204869,0.0521553,0.837554,1.07685,0.214757,-0.242369,-0.202485,
5.061105012,0.0580331,0.810386,1.09386,0.216255,-0.27062,-0.204869,0.0506214,0.825282,1.04464,0.213223,-0.242369,-0.202485,
5.100956916,0.0580331,0.810386,1.09386,0.216255,-0.27062,-0.204869,0.0521553,0.81301,1.0155,0.211689,-0.242369,-0.200951,
5.140950918,0.0580331,0.810386,1.09386,0.216255,-0.27062,-0.204869,0.0506214,0.788466,0.97868,0.210155,-0.242369,-0.199418,
5.160943984,0.0580331,0.810386,1.09386,0.216255,-0.27062,-0.204869,0.0506214,0.788466,0.97868,0.210155,-0.242369,-0.199418,
5.180937051,0.0580331,0.810386,1.09386,0.216255,-0.27062,-0.204869,0.0475534,0.753185,0.938796,0.207087,-0.242369,-0.197884,
5.220937967,0.0580331,0.810386,1.09386,0.216255,-0.27062,-0.204869,0.0490874,0.716369,0.897379,0.204019,-0.214757,-0.194816,
5.250988006,0.0580331,0.810386,1.09386,0.216255,-0.27062,-0.204869,0.0460194,0.668816,0.845223,0.200951,-0.187146,-0.193282,
5.260947942,0.0580331,0.810386,1.09386,0.216255,-0.27062,-0.204869,0.0460194,0.668816,0.845223,0.200951,-0.187146,-0.193282,
5.280963897,0.0580331,0.810386,1.09386,0.216255,-0.27062,-0.204869,0.0460194,0.668816,0.845223,0.200951,-0.187146,-0.193282,
5.300935983,0.0580331,0.810386,1.09386,0.216255,-0.27062,-0.204869,0.0444854,0.60899,0.783864,0.194816,-0.177942,-0.18868,
5.320942878,0.0580331,0.810386,1.09386,0.216255,-0.27062,-0.204869,0.0398835,0.547631,0.716369,0.190214,-0.177942,-0.184078,
5.340926885,0.0580331,0.810386,1.09386,0.216255,-0.27062,-0.204869,0.0398835,0.547631,0.716369,0.190214,-0.177942,-0.184078,
5.350929021,0.0580331,0.810386,1.09386,0.216255,-0.27062,-0.204869,0.0398835,0.547631,0.716369,0.190214,-0.177942,-0.184078,
5.380927085,0.0580331,0.810386,1.09386,0.216255,-0.27062,-0.204869,0.0383495,0.48934,0.644272,0.185612,-0.177942,-0.18101,
5.400945901,0.0580331,0.810386,1.09386,0.216255,-0.27062,-0.204869,0.0368155,0.421845,0.575243,0.179476,-0.177942,-0.176408,
5.420938968,0.0580331,0.810386,1.09386,0.216255,-0.27062,-0.204869,0.0368155,0.421845,0.575243,0.179476,-0.177942,-0.176408,
5.440936088,0.0580331,0.810386,1.09386,0.216255,-0.27062,-0.204869,0.0322136,0.349748,0.510816,0.171806,-0.177942,-0.171806,
5.460942029,0.0580331,0.810386,1.09386,0.216255,-0.27062,-0.204869,0.0322136,0.349748,0.510816,0.171806,-0.177942,-0.171806,
5.500932931,0.0580331,0.810386,1.09386,0.216255,-0.27062,-0.204869,0.0276117,0.282252,0.437185,0.167204,-0.193282,-0.16567,
5.540945053,0.058033,0.810384,1.09386,0.216255,-0.27062,-0.204869,0.0214757,0.205553,0.365087,0.162602,-0.265379,-0.161068,
5.580950021,0.0580092,0.810074,1.09348,0.21623,-0.270688,-0.204848,0.0153398,0.130388,0.283786,0.154932,-0.386563,-0.154932,
5.610949039,0.0561697,0.786079,1.06448,0.214279,-0.275889,-0.203246,0.0153398,0.130388,0.283786,0.154932,-0.386563,-0.154932,
5.620939970,0.0552057,0.773503,1.04928,0.213257,-0.278615,-0.202407,0.0153398,0.130388,0.283786,0.154932,-0.386563,-0.154932,
5.660938978,0.0526335,0.73995,1.00873,0.21053,-0.285889,-0.200166,-0.00460194,-0.00920388,0.133456,0.144194,-0.457126,-0.144194,
5.700939893,0.0500674,0.706477,0.968284,0.207809,-0.293144,-0.197932,-0.00460194,-0.00920388,0.133456,0.144194,-0.457126,-0.144194,
5.710922002,0.049737,0.702166,0.963075,0.207459,-0.294079,-0.197644,-0.00460194,-0.00920388,0.133456,0.144194,-0.457126,-0.144194,
5.740944862,0.0474613,0.67248,0.9272,0.205046,-0.300514,-0.195662,-0.0153398,-0.177942,-0.0306796,0.133456,-0.500078,-0.133456,
5.760943889,0.0459096,0.652239,0.902739,0.203401,-0.304901,-0.19431,-0.0153398,-0.177942,-0.0306796,0.133456,-0.500078,-0.133456,
5.781116008,0.0443454,0.631834,0.87808,0.201743,-0.309324,-0.192948,-0.0153398,-0.177942,-0.0306796,0.133456,-0.500078,-0.133456,
5.790938854,0.0435789,0.621835,0.865998,0.20093,-0.311491,-0.192281,-0.0199418,-0.351282,-0.18101,0.122718,-0.527689,-0.124252,
5.820944070,0.0412143,0.59099,0.8287,0.198423,-0.318177,-0.190222,-0.0199418,-0.351282,-0.18101,0.122718,-0.527689,-0.124252,
5.850934982,0.0382113,0.551816,0.781325,0.19524,-0.326669,-0.187606,-0.0199418,-0.351282,-0.18101,0.122718,-0.527689,-0.124252,
5.860943078,0.0372117,0.538775,0.765632,0.19418,-0.329495,-0.186735,-0.0199418,-0.351282,-0.18101,0.122718,-0.527689,-0.124252,
5.880961894,0.0352114,0.512661,0.73404,0.19206,-0.335152,-0.184993,-0.0260777,-0.49701,-0.349748,0.111981,-0.582913,-0.121184,
5.900945901,0.0332086,0.487456,0.704822,0.189936,-0.340815,-0.183249,-0.0260777,-0.49701,-0.349748,0.111981,-0.582913,-0.121184,
5.920932054,0.030893,0.456365,0.666031,0.187481,-0.347363,-0.181232,-0.0260777,-0.49701,-0.349748,0.111981,-0.582913,-0.121184,
5.941045999,0.0284762,0.424835,0.629641,0.184919,-0.354196,-0.179128,-0.0260777,-0.49701,-0.349748,0.111981,-0.582913,-0.121184,
5.960947990,0.0261949,0.395067,0.592815,0.182501,-0.360647,-0.177141,-0.0490874,-0.622796,-0.524621,0.105845,-0.61666,-0.115049,
5.980933904,0.0236523,0.361913,0.552555,0.179805,-0.367837,-0.174926,-0.0490874,-0.622796,-0.524621,0.105845,-0.61666,-0.115049,
6.000932931,0.019806,0.31171,0.491654,0.175726,-0.378713,-0.171576,-0.0490874,-0.622796,-0.524621,0.105845,-0.61666,-0.115049,
6.020930051,0.0171529,0.277353,0.451535,0.172914,-0.386215,-0.169266,-0.0490874,-0.622796,-0.524621,0.105845,-0.61666,-0.115049,
6.040927886,0.0143327,0.241239,0.407793,0.169924,-0.394189,-0.16681,-0.0582913,-0.664214,-0.64734,0.0997088,-0.615126,-0.108913,
6.060930013,0.0114502,0.203782,0.362551,0.166868,-0.40234,-0.164299,-0.0582913,-0.664214,-0.64734,0.0997088,-0.615126,-0.108913,
6.080937862,0.00856341,0.166003,0.316907,0.163808,-0.410502,-0.161785,-0.0582913,-0.664214,-0.64734,0.0997088,-0.615126,-0.108913,
6.100929021,0.00547872,0.126685,0.269347,0.160537,-0.419225,-0.159099,-0.0582913,-0.664214,-0.64734,0.0997088,-0.615126,-0.108913,
6.140934944,-0.000770591,0.0451918,0.170874,0.153912,-0.436896,-0.153656,-0.0598253,-0.701029,-0.737845,0.0997088,-0.615126,-0.105845,
6.160947084,-0.00392627,0.00270419,0.119819,0.150566,-0.445819,-0.150908,-0.0598253,-0.701029,-0.737845,0.0997088,-0.615126,-0.105845,
6.180932998,-0.00708945,-0.0378291,0.0705052,0.147212,-0.454763,-0.148153,-0.0598253,-0.701029,-0.737845,0.0997088,-0.615126,-0.105845,
6.220934867,-0.0130016,-0.116414,-0.0244696,0.140945,-0.47148,-0.143004,-0.0521553,-0.719437,-0.754719,0.0981748,-0.613592,-0.102777,
6.240932941,-0.0159123,-0.154194,-0.0701491,0.137858,-0.479711,-0.140469,-0.0613592,-0.719437,-0.751651,0.0920388,-0.607456,-0.104311,
6.260936021,-0.0186441,-0.1896,-0.112862,0.134963,-0.487436,-0.138089,-0.0644272,-0.720971,-0.753185,0.0997088,-0.605922,-0.0981748,
6.300935983,-0.0239642,-0.258987,-0.196702,0.129322,-0.502478,-0.133456,-0.0674952,-0.720971,-0.751651,0.0951068,-0.607456,-0.0997088,
6.320950031,-0.0264406,-0.291555,-0.237058,0.126697,-0.509482,-0.1313,-0.0674952,-0.720971,-0.751651,0.0951068,-0.607456,-0.0997088,
6.340940952,-0.0287924,-0.322231,-0.274826,0.124204,-0.516131,-0.129252,-0.0690291,-0.720971,-0.753185,0.0966408,-0.607456,-0.0997088,
6.360940933,-0.0311434,-0.352899,-0.311086,0.12171,-0.522779,-0.127204,-0.0690291,-0.720971,-0.753185,0.0966408,-0.607456,-0.0997088,
6.380933046,-0.0334819,-0.383405,-0.348867,0.119232,-0.529391,-0.125168,-0.0705631,-0.720971,-0.753185,0.0966408,-0.607456,-0.0997088,
6.400944948,-0.0354901,-0.409601,-0.380483,0.117103,-0.535069,-0.123418,-0.0705631,-0.720971,-0.753185,0.0935728,-0.607456,-0.0997088,
6.420930862,-0.0375011,-0.435835,-0.412184,0.114971,-0.540756,-0.121666,-0.0705631,-0.720971,-0.753185,0.0935728,-0.607456,-0.0997088,
6.440923929,-0.039513,-0.46208,-0.443901,0.112838,-0.546445,-0.119914,-0.0690291,-0.720971,-0.753185,0.0966408,-0.60899,-0.0997088,
6.460927963,-0.0415217,-0.488283,-0.475566,0.110707,-0.552125,-0.118165,-0.0690291,-0.720971,-0.753185,0.0966408,-0.60899,-0.0997088,
6.490926027,-0.0439051,-0.519374,-0.513139,0.108181,-0.558865,-0.116089,-0.0690291,-0.720971,-0.753185,0.0966408,-0.60899,-0.0997088,
6.500932931,-0.0446867,-0.529569,-0.525462,0.107352,-0.561074,-0.115409,-0.0690291,-0.720971,-0.753185,0.0966408,-0.60899,-0.0997088,
6.530947923,-0.0470395,-0.560215,-0.562394,0.104858,-0.567727,-0.11336,-0.0690291,-0.720971,-0.753185,0.0966408,-0.607456,-0.101243,
6.540946960,-0.0478974,-0.570941,-0.574312,0.103949,-0.570153,-0.112613,-0.0674952,-0.720971,-0.753185,0.0966408,-0.607456,-0.101243,
6.580936908,-0.0510495,-0.612569,-0.625764,0.100607,-0.579066,-0.109867,-0.0690291,-0.720971,-0.753185,0.0966408,-0.607456,-0.101243,
6.620943069,-0.0539792,-0.650787,-0.671951,0.0975006,-0.587351,-0.107316,-0.0690291,-0.720971,-0.753185,0.0966408,-0.60899,-0.101243,
6.640938043,-0.0556216,-0.672212,-0.697842,0.0957593,-0.591994,-0.105885,-0.0690291,-0.720971,-0.751651,0.0966408,-0.607456,-0.101243,
6.661068916,-0.0575728,-0.697666,-0.728603,0.0936907,-0.597512,-0.104186,-0.0690291,-0.720971,-0.753185,0.0966408,-0.60899,-0.101243,
6.700936079,-0.0582863,-0.706973,-0.739851,0.0929342,-0.599529,-0.103565,-0.0690291,-0.720971,-0.753185,0.0966408,-0.607456,-0.101243,
6.720934867,-0.0582869,-0.70698,-0.739859,0.0929336,-0.599531,-0.103564,-0.0690291,-0.720971,-0.753185,0.0966408,-0.60899,-0.101243,
6.740951061,-0.0582869,-0.706981,-0.73986,0.0929336,-0.599531,-0.103564,-0.0674952,-0.720971,-0.753185,0.0966408,-0.607456,-0.101243,
6.780946016,-0.0582869,-0.706981,-0.73986,0.0929336,-0.599531,-0.103564,-0.0690291,-0.720971,-0.753185,0.0966408,-0.60899,-0.101243,
6.820942878,-0.0582869,-0.706981,-0.73986,0.0929336,-0.599531,-0.103564,-0.0690291,-0.720971,-0.753185,0.0951068,-0.607456,-0.0997088,
6.840945959,-0.0582869,-0.706981,-0.73986,0.0929336,-0.599531,-0.103564,-0.0690291,-0.720971,-0.753185,0.0966408,-0.607456,-0.101243,
6.860939025,-0.0582869,-0.706981,-0.73986,0.0929336,-0.599531,-0.103564,-0.0690291,-0.720971,-0.753185,0.0951068,-0.60899,-0.101243,
6.890959978,-0.0582869,-0.706981,-0.73986,0.0929336,-0.599531,-0.103564,-0.0690291,-0.722505,-0.753185,0.0966408,-0.60899,-0.101243,
6.900938034,-0.0582869,-0.706981,-0.73986,0.0929336,-0.599531,-0.103564,-0.0690291,-0.722505,-0.753185,0.0966408,-0.60899,-0.101243,
6.940940856,-0.0582869,-0.706981,-0.73986,0.0929336,-0.599531,-0.103564,-0.0674952,-0.720971,-0.753185,0.0966408,-0.60899,-0.101243,
6.960938930,-0.0582869,-0.706981,-0.73986,0.0929336,-0.599531,-0.103564,-0.0690291,-0.720971,-0.753185,0.0966408,-0.607456,-0.101243,
6.980931043,-0.0582869,-0.706981,-0.73986,0.0929336,-0.599531,-0.103564,-0.0690291,-0.720971,-0.753185,0.0951068,-0.607456,-0.101243,
7.000941038,-0.0582869,-0.706981,-0.73986,0.0929336,-0.599531,-0.103564,-0.0674952,-0.720971,-0.753185,0.0966408,-0.60899,-0.101243,
7.020925998,-0.0582869,-0.706981,-0.73986,0.0929336,-0.599531,-0.103564,-0.0690291,-0.720971,-0.753185,0.0966408,-0.60899,-0.101243,
7.040927886,-0.0582869,-0.706981,-0.73986,0.0929336,-0.599531,-0.103564,-0.0690291,-0.720971,-0.753185,0.0966408,-0.607456,-0.101243,
7.060934066,-0.0582869,-0.706981,-0.73986,0.0929336,-0.599531,-0.103564,-0.0674952,-0.720971,-0.753185,0.0951068,-0.60899,-0.101243,
7.080945968,-0.0582869,-0.706981,-0.73986,0.0929336,-0.599531,-0.103564,-0.0690291,-0.720971,-0.753185,0.0951068,-0.607456,-0.101243,
7.100941896,-0.0582869,-0.706981,-0.73986,0.0929336,-0.599531,-0.103564,-0.0690291,-0.720971,-0.753185,0.0966408,-0.607456,-0.101243,
7.130928993,-0.0582869,-0.706981,-0.73986,0.0929336,-0.599531,-0.103564,-0.0674952,-0.720971,-0.753185,0.0966408,-0.607456,-0.101243,
7.140938043,-0.0582869,-0.706981,-0.73986,0.0929336,-0.599531,-0.103564,-0.0690291,-0.720971,-0.753185,0.0951068,-0.607456,-0.101243,
7.160942077,-0.0582869,-0.706981,-0.73986,0.0929336,-0.599531,-0.103564,-0.0690291,-0.720971,-0.753185,0.0951068,-0.607456,-0.101243,
7.180957078,-0.0582869,-0.706981,-0.73986,0.0929336,-0.599531,-0.103564,-0.0690291,-0.720971,-0.753185,0.0951068,-0.60899,-0.101243,
7.200922012,-0.0582869,-0.706981,-0.73986,0.0929336,-0.599531,-0.103564,-0.0690291,-0.720971,-0.753185,0.0966408,-0.60899,-0.101243,
7.220937967,-0.0582869,-0.706981,-0.73986,0.0929336,-0.599531,-0.103564,-0.0690291,-0.720971,-0.753185,0.0951068,-0.607456,-0.0997088,
7.241155862,-0.0582869,-0.706981,-0.73986,0.0929336,-0.599531,-0.103564,-0.0690291,-0.720971,-0.753185,0.0951068,-0.607456,-0.0997088,
7.261218070,-0.0582869,-0.706981,-0.73986,0.0929336,-0.599531,-0.103564,-0.0690291,-0.720971,-0.753185,0.0951068,-0.60899,-0.101243,
7.301055908,-0.0582869,-0.706981,-0.73986,0.0929336,-0.599531,-0.103564,-0.0674952,-0.720971,-0.753185,0.0966408,-0.60899,-0.101243,
7.341294050,-0.0582869,-0.706981,-0.73986,0.0929336,-0.599531,-0.103564,-0.0690291,-0.720971,-0.753185,0.0951068,-0.607456,-0.101243,
7.361139059,-0.0582869,-0.706981,-0.73986,0.0929336,-0.599531,-0.103564,-0.0690291,-0.720971,-0.753185,0.0951068,-0.60899,-0.0997088,
7.381218910,-0.0582869,-0.706981,-0.73986,0.0929336,-0.599531,-0.103564,-0.0690291,-0.720971,-0.753185,0.0951068,-0.60899,-0.101243,
7.411155939,-0.0582869,-0.706981,-0.73986,0.0929336,-0.599531,-0.103564,-0.0690291,-0.720971,-0.753185,0.0951068,-0.60899,-0.101243,
7.421199083,-0.0582869,-0.706981,-0.73986,0.0929336,-0.599531,-0.103564,-0.0674952,-0.720971,-0.753185,0.0966408,-0.60899,-0.101243,
7.451129913,-0.0582869,-0.706981,-0.73986,0.0929336,-0.599531,-0.103564,-0.0690291,-0.720971,-0.753185,0.0951068,-0.607456,-0.0997088,
7.461216926,-0.0582869,-0.706981,-0.73986,0.0929336,-0.599531,-0.103564,-0.0690291,-0.720971,-0.753185,0.0951068,-0.607456,-0.101243,
7.501178026,-0.0582869,-0.706981,-0.73986,0.0929336,-0.599531,-0.103564,-0.0690291,-0.720971,-0.753185,0.0951068,-0.60899,-0.0997088,
7.531151056,-0.0582869,-0.706981,-0.73986,0.0929336,-0.599531,-0.103564,-0.0690291,-0.720971,-0.753185,0.0966408,-0.60899,-0.101243,
7.541231870,-0.0582869,-0.706981,-0.73986,0.0929336,-0.599531,-0.103564,-0.0690291,-0.720971,-0.753185,0.0966408,-0.60899,-0.101243,
7.561233043,-0.0582869,-0.706981,-0.73986,0.0929336,-0.599531,-0.103564,-0.0690291,-0.722505,-0.753185,0.0966408,-0.607456,-0.101243,
7.581280946,-0.0582869,-0.706981,-0.73986,0.0929336,-0.599531,-0.103564,-0.0690291,-0.720971,-0.753185,0.0951068,-0.60899,-0.101243,
7.621134996,-0.0582869,-0.706981,-0.73986,0.0929336,-0.599531,-0.103564,-0.0690291,-0.720971,-0.753185,0.0951068,-0.607456,-0.0997088,
7.661092042,-0.0582869,-0.706981,-0.73986,0.0929336,-0.599531,-0.103564,-0.0690291,-0.720971,-0.753185,0.0951068,-0.60899,-0.101243,
7.701174020,-0.0582869,-0.706981,-0.73986,0.0929336,-0.599531,-0.103564,-0.0690291,-0.720971,-0.753185,0.0951068,-0.607456,-0.101243,
7.721060991,-0.0582869,-0.706981,-0.73986,0.0929336,-0.599531,-0.103564,-0.0690291,-0.720971,-0.753185,0.0951068,-0.607456,-0.101243,
7.741225957,-0.0582869,-0.706981,-0.73986,0.0929336,-0.599531,-0.103564,-0.0690291,-0.720971,-0.753185,0.0951068,-0.60899,-0.101243,
7.771135091,-0.0582869,-0.706981,-0.73986,0.0929336,-0.599531,-0.103564,-0.0690291,-0.720971,-0.753185,0.0951068,-0.60899,-0.101243,
7.781207084,-0.0582869,-0.706981,-0.73986,0.0929336,-0.599531,-0.103564,-0.0690291,-0.720971,-0.753185,0.0951068,-0.60899,-0.101243,
7.801244974,-0.0582869,-0.706981,-0.73986,0.0929336,-0.599531,-0.103564,-0.0674952,-0.720971,-0.753185,0.0951068,-0.607456,-0.101243,
7.821202039,-0.0582869,-0.706981,-0.73986,0.0929336,-0.599531,-0.103564,-0.0674952,-0.720971,-0.753185,0.0951068,-0.60899,-0.0997088,
7.861109018,-0.0582869,-0.706981,-0.73986,0.0929336,-0.599531,-0.103564,-0.0690291,-0.720971,-0.753185,0.0951068,-0.607456,-0.0997088,
7.881355047,-0.0582869,-0.706981,-0.73986,0.0929336,-0.599531,-0.103564,-0.0674952,-0.720971,-0.753185,0.0966408,-0.607456,-0.101243,
7.901242971,-0.0582869,-0.706981,-0.73986,0.0929336,-0.599531,-0.103564,-0.0690291,-0.722505,-0.753185,0.0951068,-0.60899,-0.0997088,
7.921289920,-0.0582869,-0.706981,-0.73986,0.0929336,-0.599531,-0.103564,-0.0690291,-0.720971,-0.753185,0.0951068,-0.60899,-0.101243,
7.941274881,-0.0582869,-0.706981,-0.73986,0.0929336,-0.599531,-0.103564,-0.0674952,-0.720971,-0.753185,0.0951068,-0.60899,-0.101243,
7.981236934,-0.0582869,-0.706981,-0.73986,0.0929336,-0.599531,-0.103564,-0.0674952,-0.720971,-0.753185,0.0951068,-0.60899,-0.101243,
8.021203994,-0.0582869,-0.706981,-0.73986,0.0929336,-0.599531,-0.103564,-0.0690291,-0.720971,-0.753185,0.0951068,-0.607456,-0.0997088,
8.041212081,-0.0582869,-0.706981,-0.73986,0.0929336,-0.599531,-0.103564,-0.0690291,-0.720971,-0.753185,0.0951068,-0.60899,-0.101243,
8.061146974,-0.0582869,-0.706981,-0.73986,0.0929336,-0.599531,-0.103564,-0.0674952,-0.720971,-0.753185,0.0951068,-0.60899,-0.101243,
8.081250905,-0.0582869,-0.706981,-0.73986,0.0929336,-0.599531,-0.103564,-0.0690291,-0.720971,-0.753185,0.0966408,-0.60899,-0.101243,
8.101198911,-0.0582869,-0.706981,-0.73986,0.0929336,-0.599531,-0.103564,-0.0690291,-0.720971,-0.753185,0.0951068,-0.60899,-0.101243,
8.121038913,-0.0582869,-0.706981,-0.73986,0.0929336,-0.599531,-0.103564,-0.0690291,-0.720971,-0.753185,0.0951068,-0.60899,-0.101243,
8.141222000,-0.0582869,-0.706981,-0.73986,0.0929336,-0.599531,-0.103564,-0.0674952,-0.720971,-0.753185,0.0951068,-0.607456,-0.101243,
8.181058883,-0.0582869,-0.706981,-0.73986,0.0929336,-0.599531,-0.103564,-0.0690291,-0.720971,-0.753185,0.0951068,-0.60899,-0.101243,
8.221127986,-0.0582869,-0.706981,-0.73986,0.0929336,-0.599531,-0.103564,-0.0690291,-0.720971,-0.753185,0.0951068,-0.607456,-0.101243,
8.230998039,-0.0582869,-0.706981,-0.73986,0.0929336,-0.599531,-0.103564,-0.0690291,-0.720971,-0.753185,0.0951068,-0.607456,-0.101243,
